path,weather,image_id,pred,task,model
../dataset/test/images/tornado_test_00107.jpg,tornado,tornado_test_00107,tornado,wc,gemini-3.1-flash-lite-preview
../dataset/test/images/fog_test_00072.jpg,fog,fog_test_00072,rain,wc,gemini-3.1-flash-lite-preview
../dataset/test/images/snow_test_00321.jpg,snow,snow_test_00321,snow,wc,gemini-3.1-flash-lite-preview
../dataset/test/images/flooding_test_00999.jpg,flooding,flooding_test_00999,rain,wc,gemini-3.1-flash-lite-preview
../dataset/test/images/wildfire_test_00196.jpg,wildfire,wildfire_test_00196,wildfire,wc,gemini-3.1-flash-lite-preview
../dataset/test/images/wildfire_test_00255.jpg,wildfire,wildfire_test_00255,wildfire,wc,gemini-3.1-flash-lite-preview
../dataset/test/images/wildfire_test_00184.jpg,wildfire,wildfire_test_00184,wildfire,wc,gemini-3.1-flash-lite-preview
../dataset/test/images/tornado_test_00053.jpg,tornado,tornado_test_00053,tornado,wc,gemini-3.1-flash-lite-preview
../dataset/test/images/tornado_test_00093.jpg,tornado,tornado_test_00093,tornado,wc,gemini-3.1-flash-lite-preview
../dataset/test/images/fog_test_00050.jpg,fog,fog_test_00050,fog,wc,gemini-3.1-flash-lite-preview
../dataset/test/images/flooding_test_00135.jpg,flooding,flooding_test_00135,flooding,wc,gemini-3.1-flash-lite-preview
../dataset/test/images/tornado_test_00106.jpg,tornado,tornado_test_00106,tornado,wc,gemini-3.1-flash-lite-preview
../dataset/test/images/wildfire_test_00201.jpg,wildfire,wildfire_test_00201,wildfire,wc,gemini-3.1-flash-lite-preview
../dataset/test/images/dust_test_00050.jpg,haze/sand/dust,dust_test_00050,fog,wc,gemini-3.1-flash-lite-preview
../dataset/test/images/dust_test_00027.jpg,haze/sand/dust,dust_test_00027,haze/sand/dust,wc,gemini-3.1-flash-lite-preview
../dataset/test/images/heavy_rain_test_00178.jpg,rain,heavy_rain_test_00178,rain,wc,gemini-3.1-flash-lite-preview
../dataset/test/images/fog_test_00070.jpg,fog,fog_test_00070,rain,wc,gemini-3.1-flash-lite-preview
../dataset/test/images/wildfire_test_00262.jpg,wildfire,wildfire_test_00262,wildfire,wc,gemini-3.1-flash-lite-preview
../dataset/test/images/wildfire_test_00143.jpg,wildfire,wildfire_test_00143,wildfire,wc,gemini-3.1-flash-lite-preview
../dataset/test/images/wildfire_test_00059.jpg,wildfire,wildfire_test_00059,wildfire,wc,gemini-3.1-flash-lite-preview
../dataset/test/images/snow_test_00118.jpg,snow,snow_test_00118,rain,wc,gemini-3.1-flash-lite-preview
../dataset/test/images/dust_test_00104.jpg,haze/sand/dust,dust_test_00104,rain,wc,gemini-3.1-flash-lite-preview
../dataset/test/images/snow_test_00001.jpg,snow,snow_test_00001,snow,wc,gemini-3.1-flash-lite-preview
../dataset/test/images/wildfire_test_00135.jpg,wildfire,wildfire_test_00135,wildfire,wc,gemini-3.1-flash-lite-preview
../dataset/test/images/heavy_rain_test_00063.jpg,rain,heavy_rain_test_00063,rain,wc,gemini-3.1-flash-lite-preview
../dataset/test/images/tornado_test_00024.jpg,tornado,tornado_test_00024,tornado,wc,gemini-3.1-flash-lite-preview
../dataset/test/images/heavy_rain_test_00218.jpg,rain,heavy_rain_test_00218,rain,wc,gemini-3.1-flash-lite-preview
../dataset/test/images/flooding_test_00489.jpg,flooding,flooding_test_00489,flooding,wc,gemini-3.1-flash-lite-preview
../dataset/test/images/tornado_test_00131.jpg,tornado,tornado_test_00131,flooding,wc,gemini-3.1-flash-lite-preview
../dataset/test/images/fog_test_00010.jpg,fog,fog_test_00010,fog,wc,gemini-3.1-flash-lite-preview
../dataset/test/images/wildfire_test_00107.jpg,wildfire,wildfire_test_00107,wildfire,wc,gemini-3.1-flash-lite-preview
../dataset/test/images/wildfire_test_00095.jpg,wildfire,wildfire_test_00095,wildfire,wc,gemini-3.1-flash-lite-preview
../dataset/test/images/snow_test_00216.jpg,snow,snow_test_00216,snow,wc,gemini-3.1-flash-lite-preview
../dataset/test/images/snow_test_00250.jpg,snow,snow_test_00250,snow,wc,gemini-3.1-flash-lite-preview
../dataset/test/images/heavy_rain_test_00020.jpg,rain,heavy_rain_test_00020,rain,wc,gemini-3.1-flash-lite-preview
../dataset/test/images/wildfire_test_00288.jpg,wildfire,wildfire_test_00288,rain,wc,gemini-3.1-flash-lite-preview
../dataset/test/images/snow_test_00170.jpg,snow,snow_test_00170,snow,wc,gemini-3.1-flash-lite-preview
../dataset/test/images/heavy_rain_test_00224.jpg,rain,heavy_rain_test_00224,rain,wc,gemini-3.1-flash-lite-preview
../dataset/test/images/snow_test_00100.jpg,snow,snow_test_00100,snow,wc,gemini-3.1-flash-lite-preview
../dataset/test/images/wildfire_test_00082.jpg,wildfire,wildfire_test_00082,wildfire,wc,gemini-3.1-flash-lite-preview
../dataset/test/images/dust_test_00097.jpg,haze/sand/dust,dust_test_00097,fog,wc,gemini-3.1-flash-lite-preview
../dataset/test/images/tornado_test_00101.jpg,tornado,tornado_test_00101,tornado,wc,gemini-3.1-flash-lite-preview
../dataset/test/images/flooding_test_00803.jpg,flooding,flooding_test_00803,rain,wc,gemini-3.1-flash-lite-preview
../dataset/test/images/flooding_test_00913.jpg,flooding,flooding_test_00913,rain,wc,gemini-3.1-flash-lite-preview
../dataset/test/images/dust_test_00081.jpg,haze/sand/dust,dust_test_00081,fog,wc,gemini-3.1-flash-lite-preview
../dataset/test/images/fog_test_00002.jpg,fog,fog_test_00002,fog,wc,gemini-3.1-flash-lite-preview
../dataset/test/images/dust_test_00125.jpg,haze/sand/dust,dust_test_00125,rain,wc,gemini-3.1-flash-lite-preview
../dataset/test/images/tornado_test_00127.jpg,tornado,tornado_test_00127,tornado,wc,gemini-3.1-flash-lite-preview
../dataset/test/images/tornado_test_00086.jpg,tornado,tornado_test_00086,flooding,wc,gemini-3.1-flash-lite-preview
../dataset/test/images/flooding_test_00836.jpg,flooding,flooding_test_00836,rain,wc,gemini-3.1-flash-lite-preview
../dataset/test/images/flooding_test_00384.jpg,flooding,flooding_test_00384,flooding,wc,gemini-3.1-flash-lite-preview
../dataset/test/images/heavy_rain_test_00172.jpg,rain,heavy_rain_test_00172,rain,wc,gemini-3.1-flash-lite-preview
../dataset/test/images/flooding_test_00031.jpg,flooding,flooding_test_00031,flooding,wc,gemini-3.1-flash-lite-preview
../dataset/test/images/dust_test_00046.jpg,haze/sand/dust,dust_test_00046,fog,wc,gemini-3.1-flash-lite-preview
../dataset/test/images/flooding_test_00272.jpg,flooding,flooding_test_00272,flooding,wc,gemini-3.1-flash-lite-preview
../dataset/test/images/fog_test_00027.jpg,fog,fog_test_00027,fog,wc,gemini-3.1-flash-lite-preview
../dataset/test/images/snow_test_00328.jpg,snow,snow_test_00328,snow,wc,gemini-3.1-flash-lite-preview
../dataset/test/images/wildfire_test_00079.jpg,wildfire,wildfire_test_00079,wildfire,wc,gemini-3.1-flash-lite-preview
../dataset/test/images/tornado_test_00094.jpg,tornado,tornado_test_00094,tornado,wc,gemini-3.1-flash-lite-preview
../dataset/test/images/dust_test_00019.jpg,haze/sand/dust,dust_test_00019,fog,wc,gemini-3.1-flash-lite-preview
../dataset/test/images/flooding_test_00627.jpg,flooding,flooding_test_00627,rain,wc,gemini-3.1-flash-lite-preview
../dataset/test/images/wildfire_test_00119.jpg,wildfire,wildfire_test_00119,wildfire,wc,gemini-3.1-flash-lite-preview
../dataset/test/images/heavy_rain_test_00144.jpg,rain,heavy_rain_test_00144,rain,wc,gemini-3.1-flash-lite-preview
../dataset/test/images/heavy_rain_test_00046.jpg,rain,heavy_rain_test_00046,rain,wc,gemini-3.1-flash-lite-preview
../dataset/test/images/dust_test_00039.jpg,haze/sand/dust,dust_test_00039,fog,wc,gemini-3.1-flash-lite-preview
../dataset/test/images/wildfire_test_00247.jpg,wildfire,wildfire_test_00247,wildfire,wc,gemini-3.1-flash-lite-preview
../dataset/test/images/fog_test_00102.jpg,fog,fog_test_00102,fog,wc,gemini-3.1-flash-lite-preview
../dataset/test/images/tornado_test_00066.jpg,tornado,tornado_test_00066,tornado,wc,gemini-3.1-flash-lite-preview
../dataset/test/images/fog_test_00099.jpg,fog,fog_test_00099,fog,wc,gemini-3.1-flash-lite-preview
../dataset/test/images/fog_test_00004.jpg,fog,fog_test_00004,rain,wc,gemini-3.1-flash-lite-preview
../dataset/test/images/tornado_test_00036.jpg,tornado,tornado_test_00036,tornado,wc,gemini-3.1-flash-lite-preview
../dataset/test/images/dust_test_00017.jpg,haze/sand/dust,dust_test_00017,haze/sand/dust,wc,gemini-3.1-flash-lite-preview
../dataset/test/images/wildfire_test_00054.jpg,wildfire,wildfire_test_00054,wildfire,wc,gemini-3.1-flash-lite-preview
../dataset/test/images/heavy_rain_test_00078.jpg,rain,heavy_rain_test_00078,rain,wc,gemini-3.1-flash-lite-preview
../dataset/test/images/fog_test_00042.jpg,fog,fog_test_00042,fog,wc,gemini-3.1-flash-lite-preview
../dataset/test/images/dust_test_00134.jpg,haze/sand/dust,dust_test_00134,fog,wc,gemini-3.1-flash-lite-preview
../dataset/test/images/dust_test_00016.jpg,haze/sand/dust,dust_test_00016,haze/sand/dust,wc,gemini-3.1-flash-lite-preview
../dataset/test/images/tornado_test_00125.jpg,tornado,tornado_test_00125,tornado,wc,gemini-3.1-flash-lite-preview
../dataset/test/images/dust_test_00013.jpg,haze/sand/dust,dust_test_00013,haze/sand/dust,wc,gemini-3.1-flash-lite-preview
../dataset/test/images/flooding_test_01002.jpg,flooding,flooding_test_01002,rain,wc,gemini-3.1-flash-lite-preview
../dataset/test/images/tornado_test_00081.jpg,tornado,tornado_test_00081,haze/sand/dust,wc,gemini-3.1-flash-lite-preview
../dataset/test/images/wildfire_test_00132.jpg,wildfire,wildfire_test_00132,wildfire,wc,gemini-3.1-flash-lite-preview
../dataset/test/images/dust_test_00069.jpg,haze/sand/dust,dust_test_00069,fog,wc,gemini-3.1-flash-lite-preview
../dataset/test/images/flooding_test_00114.jpg,flooding,flooding_test_00114,flooding,wc,gemini-3.1-flash-lite-preview
../dataset/test/images/flooding_test_00557.jpg,flooding,flooding_test_00557,flooding,wc,gemini-3.1-flash-lite-preview
../dataset/test/images/heavy_rain_test_00153.jpg,rain,heavy_rain_test_00153,rain,wc,gemini-3.1-flash-lite-preview
../dataset/test/images/tornado_test_00085.jpg,tornado,tornado_test_00085,flooding,wc,gemini-3.1-flash-lite-preview
../dataset/test/images/wildfire_test_00121.jpg,wildfire,wildfire_test_00121,wildfire,wc,gemini-3.1-flash-lite-preview
../dataset/test/images/snow_test_00171.jpg,snow,snow_test_00171,snow,wc,gemini-3.1-flash-lite-preview
../dataset/test/images/tornado_test_00130.jpg,tornado,tornado_test_00130,tornado,wc,gemini-3.1-flash-lite-preview
../dataset/test/images/flooding_test_00812.jpg,flooding,flooding_test_00812,rain,wc,gemini-3.1-flash-lite-preview
../dataset/test/images/snow_test_00262.jpg,snow,snow_test_00262,snow,wc,gemini-3.1-flash-lite-preview
../dataset/test/images/tornado_test_00113.jpg,tornado,tornado_test_00113,tornado,wc,gemini-3.1-flash-lite-preview
../dataset/test/images/dust_test_00032.jpg,haze/sand/dust,dust_test_00032,haze/sand/dust,wc,gemini-3.1-flash-lite-preview
../dataset/test/images/dust_test_00021.jpg,haze/sand/dust,dust_test_00021,haze/sand/dust,wc,gemini-3.1-flash-lite-preview
../dataset/test/images/snow_test_00159.jpg,snow,snow_test_00159,snow,wc,gemini-3.1-flash-lite-preview
../dataset/test/images/tornado_test_00076.jpg,tornado,tornado_test_00076,tornado,wc,gemini-3.1-flash-lite-preview
../dataset/test/images/dust_test_00044.jpg,haze/sand/dust,dust_test_00044,fog,wc,gemini-3.1-flash-lite-preview
../dataset/test/images/heavy_rain_test_00239.jpg,rain,heavy_rain_test_00239,rain,wc,gemini-3.1-flash-lite-preview
../dataset/test/images/tornado_test_00145.jpg,tornado,tornado_test_00145,tornado,wc,gemini-3.1-flash-lite-preview
../dataset/test/images/heavy_rain_test_00095.jpg,rain,heavy_rain_test_00095,rain,wc,gemini-3.1-flash-lite-preview
../dataset/test/images/wildfire_test_00202.jpg,wildfire,wildfire_test_00202,wildfire,wc,gemini-3.1-flash-lite-preview
../dataset/test/images/fog_test_00003.jpg,fog,fog_test_00003,fog,wc,gemini-3.1-flash-lite-preview
../dataset/test/images/fog_test_00051.jpg,fog,fog_test_00051,fog,wc,gemini-3.1-flash-lite-preview
../dataset/test/images/snow_test_00095.jpg,snow,snow_test_00095,snow,wc,gemini-3.1-flash-lite-preview
../dataset/test/images/tornado_test_00102.jpg,tornado,tornado_test_00102,tornado,wc,gemini-3.1-flash-lite-preview
../dataset/test/images/heavy_rain_test_00213.jpg,rain,heavy_rain_test_00213,rain,wc,gemini-3.1-flash-lite-preview
../dataset/test/images/tornado_test_00026.jpg,tornado,tornado_test_00026,tornado,wc,gemini-3.1-flash-lite-preview
../dataset/test/images/heavy_rain_test_00248.jpg,rain,heavy_rain_test_00248,rain,wc,gemini-3.1-flash-lite-preview
../dataset/test/images/wildfire_test_00066.jpg,wildfire,wildfire_test_00066,wildfire,wc,gemini-3.1-flash-lite-preview
../dataset/test/images/flooding_test_00666.jpg,flooding,flooding_test_00666,flooding,wc,gemini-3.1-flash-lite-preview
../dataset/test/images/snow_test_00275.jpg,snow,snow_test_00275,snow,wc,gemini-3.1-flash-lite-preview
../dataset/test/images/dust_test_00072.jpg,haze/sand/dust,dust_test_00072,haze/sand/dust,wc,gemini-3.1-flash-lite-preview
../dataset/test/images/snow_test_00309.jpg,snow,snow_test_00309,snow,wc,gemini-3.1-flash-lite-preview
../dataset/test/images/wildfire_test_00106.jpg,wildfire,wildfire_test_00106,wildfire,wc,gemini-3.1-flash-lite-preview
../dataset/test/images/fog_test_00083.jpg,fog,fog_test_00083,fog,wc,gemini-3.1-flash-lite-preview
../dataset/test/images/wildfire_test_00186.jpg,wildfire,wildfire_test_00186,wildfire,wc,gemini-3.1-flash-lite-preview
../dataset/test/images/wildfire_test_00261.jpg,wildfire,wildfire_test_00261,wildfire,wc,gemini-3.1-flash-lite-preview
../dataset/test/images/tornado_test_00054.jpg,tornado,tornado_test_00054,none,wc,gemini-3.1-flash-lite-preview
../dataset/test/images/heavy_rain_test_00190.jpg,rain,heavy_rain_test_00190,rain,wc,gemini-3.1-flash-lite-preview
../dataset/test/images/wildfire_test_00052.jpg,wildfire,wildfire_test_00052,wildfire,wc,gemini-3.1-flash-lite-preview
../dataset/test/images/wildfire_test_00086.jpg,wildfire,wildfire_test_00086,wildfire,wc,gemini-3.1-flash-lite-preview
../dataset/test/images/dust_test_00078.jpg,haze/sand/dust,dust_test_00078,fog,wc,gemini-3.1-flash-lite-preview
../dataset/test/images/flooding_test_00266.jpg,flooding,flooding_test_00266,flooding,wc,gemini-3.1-flash-lite-preview
../dataset/test/images/fog_test_00018.jpg,fog,fog_test_00018,rain,wc,gemini-3.1-flash-lite-preview
../dataset/test/images/heavy_rain_test_00215.jpg,rain,heavy_rain_test_00215,rain,wc,gemini-3.1-flash-lite-preview
../dataset/test/images/flooding_test_00841.jpg,flooding,flooding_test_00841,rain,wc,gemini-3.1-flash-lite-preview
../dataset/test/images/tornado_test_00110.jpg,tornado,tornado_test_00110,tornado,wc,gemini-3.1-flash-lite-preview
../dataset/test/images/dust_test_00112.jpg,haze/sand/dust,dust_test_00112,fog,wc,gemini-3.1-flash-lite-preview
../dataset/test/images/heavy_rain_test_00226.jpg,rain,heavy_rain_test_00226,rain,wc,gemini-3.1-flash-lite-preview
../dataset/test/images/flooding_test_00421.jpg,flooding,flooding_test_00421,flooding,wc,gemini-3.1-flash-lite-preview
../dataset/test/images/heavy_rain_test_00162.jpg,rain,heavy_rain_test_00162,rain,wc,gemini-3.1-flash-lite-preview
../dataset/test/images/wildfire_test_00110.jpg,wildfire,wildfire_test_00110,wildfire,wc,gemini-3.1-flash-lite-preview
../dataset/test/images/heavy_rain_test_00019.jpg,rain,heavy_rain_test_00019,rain,wc,gemini-3.1-flash-lite-preview
../dataset/test/images/snow_test_00054.jpg,snow,snow_test_00054,snow,wc,gemini-3.1-flash-lite-preview
../dataset/test/images/wildfire_test_00085.jpg,wildfire,wildfire_test_00085,wildfire,wc,gemini-3.1-flash-lite-preview
../dataset/test/images/fog_test_00025.jpg,fog,fog_test_00025,fog,wc,gemini-3.1-flash-lite-preview
../dataset/test/images/wildfire_test_00241.jpg,wildfire,wildfire_test_00241,rain,wc,gemini-3.1-flash-lite-preview
../dataset/test/images/heavy_rain_test_00132.jpg,rain,heavy_rain_test_00132,rain,wc,gemini-3.1-flash-lite-preview
../dataset/test/images/dust_test_00049.jpg,haze/sand/dust,dust_test_00049,haze/sand/dust,wc,gemini-3.1-flash-lite-preview
../dataset/test/images/flooding_test_00257.jpg,flooding,flooding_test_00257,flooding,wc,gemini-3.1-flash-lite-preview
../dataset/test/images/heavy_rain_test_00107.jpg,rain,heavy_rain_test_00107,fog,wc,gemini-3.1-flash-lite-preview
../dataset/test/images/fog_test_00030.jpg,fog,fog_test_00030,rain,wc,gemini-3.1-flash-lite-preview
../dataset/test/images/tornado_test_00122.jpg,tornado,tornado_test_00122,tornado,wc,gemini-3.1-flash-lite-preview
../dataset/test/images/heavy_rain_test_00131.jpg,rain,heavy_rain_test_00131,rain,wc,gemini-3.1-flash-lite-preview
../dataset/test/images/fog_test_00068.jpg,fog,fog_test_00068,fog,wc,gemini-3.1-flash-lite-preview
../dataset/test/images/dust_test_00051.jpg,haze/sand/dust,dust_test_00051,fog,wc,gemini-3.1-flash-lite-preview
../dataset/test/images/snow_test_00103.jpg,snow,snow_test_00103,snow,wc,gemini-3.1-flash-lite-preview
../dataset/test/images/heavy_rain_test_00210.jpg,rain,heavy_rain_test_00210,rain,wc,gemini-3.1-flash-lite-preview
../dataset/test/images/snow_test_00288.jpg,snow,snow_test_00288,snow,wc,gemini-3.1-flash-lite-preview
../dataset/test/images/wildfire_test_00236.jpg,wildfire,wildfire_test_00236,fog,wc,gemini-3.1-flash-lite-preview
../dataset/test/images/tornado_test_00014.jpg,tornado,tornado_test_00014,tornado,wc,gemini-3.1-flash-lite-preview
../dataset/test/images/flooding_test_00307.jpg,flooding,flooding_test_00307,flooding,wc,gemini-3.1-flash-lite-preview
../dataset/test/images/fog_test_00026.jpg,fog,fog_test_00026,fog,wc,gemini-3.1-flash-lite-preview
../dataset/test/images/dust_test_00065.jpg,haze/sand/dust,dust_test_00065,fog,wc,gemini-3.1-flash-lite-preview
../dataset/test/images/wildfire_test_00209.jpg,wildfire,wildfire_test_00209,wildfire,wc,gemini-3.1-flash-lite-preview
../dataset/test/images/fog_test_00097.jpg,fog,fog_test_00097,fog,wc,gemini-3.1-flash-lite-preview
../dataset/test/images/heavy_rain_test_00195.jpg,rain,heavy_rain_test_00195,rain,wc,gemini-3.1-flash-lite-preview
../dataset/test/images/dust_test_00006.jpg,haze/sand/dust,dust_test_00006,haze/sand/dust,wc,gemini-3.1-flash-lite-preview
../dataset/test/images/flooding_test_00230.jpg,flooding,flooding_test_00230,flooding,wc,gemini-3.1-flash-lite-preview
../dataset/test/images/snow_test_00279.jpg,snow,snow_test_00279,snow,wc,gemini-3.1-flash-lite-preview
../dataset/test/images/fog_test_00033.jpg,fog,fog_test_00033,fog,wc,gemini-3.1-flash-lite-preview
../dataset/test/images/snow_test_00272.jpg,snow,snow_test_00272,snow,wc,gemini-3.1-flash-lite-preview
../dataset/test/images/heavy_rain_test_00030.jpg,rain,heavy_rain_test_00030,rain,wc,gemini-3.1-flash-lite-preview
../dataset/test/images/fog_test_00045.jpg,fog,fog_test_00045,fog,wc,gemini-3.1-flash-lite-preview
../dataset/test/images/tornado_test_00133.jpg,tornado,tornado_test_00133,flooding,wc,gemini-3.1-flash-lite-preview
../dataset/test/images/dust_test_00090.jpg,haze/sand/dust,dust_test_00090,fog,wc,gemini-3.1-flash-lite-preview
../dataset/test/images/snow_test_00311.jpg,snow,snow_test_00311,snow,wc,gemini-3.1-flash-lite-preview
../dataset/test/images/flooding_test_00748.jpg,flooding,flooding_test_00748,rain,wc,gemini-3.1-flash-lite-preview
../dataset/test/images/wildfire_test_00098.jpg,wildfire,wildfire_test_00098,wildfire,wc,gemini-3.1-flash-lite-preview
../dataset/test/images/dust_test_00026.jpg,haze/sand/dust,dust_test_00026,haze/sand/dust,wc,gemini-3.1-flash-lite-preview
../dataset/test/images/tornado_test_00073.jpg,tornado,tornado_test_00073,tornado,wc,gemini-3.1-flash-lite-preview
../dataset/test/images/fog_test_00101.jpg,fog,fog_test_00101,fog,wc,gemini-3.1-flash-lite-preview
../dataset/test/images/dust_test_00029.jpg,haze/sand/dust,dust_test_00029,haze/sand/dust,wc,gemini-3.1-flash-lite-preview
../dataset/test/images/fog_test_00078.jpg,fog,fog_test_00078,fog,wc,gemini-3.1-flash-lite-preview
../dataset/test/images/heavy_rain_test_00187.jpg,rain,heavy_rain_test_00187,rain,wc,gemini-3.1-flash-lite-preview
../dataset/test/images/snow_test_00258.jpg,snow,snow_test_00258,snow,wc,gemini-3.1-flash-lite-preview
../dataset/test/images/flooding_test_00622.jpg,flooding,flooding_test_00622,flooding,wc,gemini-3.1-flash-lite-preview
../dataset/test/images/fog_test_00012.jpg,fog,fog_test_00012,fog,wc,gemini-3.1-flash-lite-preview
../dataset/test/images/heavy_rain_test_00168.jpg,rain,heavy_rain_test_00168,rain,wc,gemini-3.1-flash-lite-preview
../dataset/test/images/tornado_test_00114.jpg,tornado,tornado_test_00114,tornado,wc,gemini-3.1-flash-lite-preview
../dataset/test/images/fog_test_00087.jpg,fog,fog_test_00087,fog,wc,gemini-3.1-flash-lite-preview
../dataset/test/images/heavy_rain_test_00052.jpg,rain,heavy_rain_test_00052,rain,wc,gemini-3.1-flash-lite-preview
../dataset/test/images/fog_test_00031.jpg,fog,fog_test_00031,fog,wc,gemini-3.1-flash-lite-preview
../dataset/test/images/fog_test_00063.jpg,fog,fog_test_00063,fog,wc,gemini-3.1-flash-lite-preview
../dataset/test/images/snow_test_00027.jpg,snow,snow_test_00027,snow,wc,gemini-3.1-flash-lite-preview
../dataset/test/images/tornado_test_00058.jpg,tornado,tornado_test_00058,tornado,wc,gemini-3.1-flash-lite-preview
../dataset/test/images/fog_test_00006.jpg,fog,fog_test_00006,fog,wc,gemini-3.1-flash-lite-preview
../dataset/test/images/fog_test_00044.jpg,fog,fog_test_00044,fog,wc,gemini-3.1-flash-lite-preview
../dataset/test/images/flooding_test_00862.jpg,flooding,flooding_test_00862,rain,wc,gemini-3.1-flash-lite-preview
../dataset/test/images/wildfire_test_00194.jpg,wildfire,wildfire_test_00194,wildfire,wc,gemini-3.1-flash-lite-preview
../dataset/test/images/flooding_test_00822.jpg,flooding,flooding_test_00822,rain,wc,gemini-3.1-flash-lite-preview
../dataset/test/images/tornado_test_00109.jpg,tornado,tornado_test_00109,tornado,wc,gemini-3.1-flash-lite-preview
../dataset/test/images/heavy_rain_test_00209.jpg,rain,heavy_rain_test_00209,rain,wc,gemini-3.1-flash-lite-preview
../dataset/test/images/snow_test_00168.jpg,snow,snow_test_00168,snow,wc,gemini-3.1-flash-lite-preview
../dataset/test/images/fog_test_00035.jpg,fog,fog_test_00035,rain,wc,gemini-3.1-flash-lite-preview
../dataset/test/images/flooding_test_00962.jpg,flooding,flooding_test_00962,rain,wc,gemini-3.1-flash-lite-preview
../dataset/test/images/dust_test_00095.jpg,haze/sand/dust,dust_test_00095,fog,wc,gemini-3.1-flash-lite-preview
../dataset/test/images/fog_test_00011.jpg,fog,fog_test_00011,fog,wc,gemini-3.1-flash-lite-preview
../dataset/test/images/wildfire_test_00249.jpg,wildfire,wildfire_test_00249,wildfire,wc,gemini-3.1-flash-lite-preview
../dataset/test/images/dust_test_00008.jpg,haze/sand/dust,dust_test_00008,haze/sand/dust,wc,gemini-3.1-flash-lite-preview
../dataset/test/images/flooding_test_00806.jpg,flooding,flooding_test_00806,rain,wc,gemini-3.1-flash-lite-preview
../dataset/test/images/snow_test_00253.jpg,snow,snow_test_00253,snow,wc,gemini-3.1-flash-lite-preview
../dataset/test/images/wildfire_test_00024.jpg,wildfire,wildfire_test_00024,wildfire,wc,gemini-3.1-flash-lite-preview
../dataset/test/images/tornado_test_00042.jpg,tornado,tornado_test_00042,tornado,wc,gemini-3.1-flash-lite-preview
../dataset/test/images/flooding_test_00793.jpg,flooding,flooding_test_00793,rain,wc,gemini-3.1-flash-lite-preview
../dataset/test/images/tornado_test_00147.jpg,tornado,tornado_test_00147,tornado,wc,gemini-3.1-flash-lite-preview
../dataset/test/images/snow_test_00038.jpg,snow,snow_test_00038,snow,wc,gemini-3.1-flash-lite-preview
../dataset/test/images/wildfire_test_00112.jpg,wildfire,wildfire_test_00112,wildfire,wc,gemini-3.1-flash-lite-preview
../dataset/test/images/wildfire_test_00013.jpg,wildfire,wildfire_test_00013,wildfire,wc,gemini-3.1-flash-lite-preview
../dataset/test/images/tornado_test_00103.jpg,tornado,tornado_test_00103,tornado,wc,gemini-3.1-flash-lite-preview
../dataset/test/images/flooding_test_00287.jpg,flooding,flooding_test_00287,flooding,wc,gemini-3.1-flash-lite-preview
../dataset/test/images/tornado_test_00011.jpg,tornado,tornado_test_00011,tornado,wc,gemini-3.1-flash-lite-preview
../dataset/test/images/snow_test_00009.jpg,snow,snow_test_00009,snow,wc,gemini-3.1-flash-lite-preview
../dataset/test/images/wildfire_test_00291.jpg,wildfire,wildfire_test_00291,wildfire,wc,gemini-3.1-flash-lite-preview
../dataset/test/images/snow_test_00298.jpg,snow,snow_test_00298,snow,wc,gemini-3.1-flash-lite-preview
../dataset/test/images/fog_test_00093.jpg,fog,fog_test_00093,rain,wc,gemini-3.1-flash-lite-preview
../dataset/test/images/tornado_test_00005.jpg,tornado,tornado_test_00005,tornado,wc,gemini-3.1-flash-lite-preview
../dataset/test/images/tornado_test_00008.jpg,tornado,tornado_test_00008,rain,wc,gemini-3.1-flash-lite-preview
../dataset/test/images/tornado_test_00138.jpg,tornado,tornado_test_00138,flooding,wc,gemini-3.1-flash-lite-preview
../dataset/test/images/heavy_rain_test_00024.jpg,rain,heavy_rain_test_00024,rain,wc,gemini-3.1-flash-lite-preview
../dataset/test/images/dust_test_00033.jpg,haze/sand/dust,dust_test_00033,haze/sand/dust,wc,gemini-3.1-flash-lite-preview
../dataset/test/images/fog_test_00022.jpg,fog,fog_test_00022,fog,wc,gemini-3.1-flash-lite-preview
../dataset/test/images/heavy_rain_test_00115.jpg,rain,heavy_rain_test_00115,rain,wc,gemini-3.1-flash-lite-preview
../dataset/test/images/snow_test_00071.jpg,snow,snow_test_00071,snow,wc,gemini-3.1-flash-lite-preview
../dataset/test/images/dust_test_00120.jpg,haze/sand/dust,dust_test_00120,haze/sand/dust,wc,gemini-3.1-flash-lite-preview
../dataset/test/images/tornado_test_00038.jpg,tornado,tornado_test_00038,snow,wc,gemini-3.1-flash-lite-preview
../dataset/test/images/heavy_rain_test_00171.jpg,rain,heavy_rain_test_00171,rain,wc,gemini-3.1-flash-lite-preview
../dataset/test/images/tornado_test_00050.jpg,tornado,tornado_test_00050,rain,wc,gemini-3.1-flash-lite-preview
../dataset/test/images/flooding_test_00334.jpg,flooding,flooding_test_00334,flooding,wc,gemini-3.1-flash-lite-preview
../dataset/test/images/flooding_test_00584.jpg,flooding,flooding_test_00584,flooding,wc,gemini-3.1-flash-lite-preview
../dataset/test/images/tornado_test_00021.jpg,tornado,tornado_test_00021,rain,wc,gemini-3.1-flash-lite-preview
../dataset/test/images/snow_test_00251.jpg,snow,snow_test_00251,snow,wc,gemini-3.1-flash-lite-preview
../dataset/test/images/snow_test_00005.jpg,snow,snow_test_00005,snow,wc,gemini-3.1-flash-lite-preview
../dataset/test/images/wildfire_test_00224.jpg,wildfire,wildfire_test_00224,wildfire,wc,gemini-3.1-flash-lite-preview
../dataset/test/images/heavy_rain_test_00119.jpg,rain,heavy_rain_test_00119,rain,wc,gemini-3.1-flash-lite-preview
../dataset/test/images/flooding_test_00254.jpg,flooding,flooding_test_00254,flooding,wc,gemini-3.1-flash-lite-preview
../dataset/test/images/snow_test_00128.jpg,snow,snow_test_00128,snow,wc,gemini-3.1-flash-lite-preview
../dataset/test/images/dust_test_00144.jpg,haze/sand/dust,dust_test_00144,fog,wc,gemini-3.1-flash-lite-preview
../dataset/test/images/dust_test_00132.jpg,haze/sand/dust,dust_test_00132,fog,wc,gemini-3.1-flash-lite-preview
../dataset/test/images/flooding_test_00274.jpg,flooding,flooding_test_00274,flooding,wc,gemini-3.1-flash-lite-preview
../dataset/test/images/flooding_test_00300.jpg,flooding,flooding_test_00300,flooding,wc,gemini-3.1-flash-lite-preview
../dataset/test/images/flooding_test_00871.jpg,flooding,flooding_test_00871,rain,wc,gemini-3.1-flash-lite-preview
../dataset/test/images/heavy_rain_test_00057.jpg,rain,heavy_rain_test_00057,rain,wc,gemini-3.1-flash-lite-preview
../dataset/test/images/wildfire_test_00154.jpg,wildfire,wildfire_test_00154,wildfire,wc,gemini-3.1-flash-lite-preview
../dataset/test/images/flooding_test_00071.jpg,flooding,flooding_test_00071,flooding,wc,gemini-3.1-flash-lite-preview
../dataset/test/images/fog_test_00071.jpg,fog,fog_test_00071,snow,wc,gemini-3.1-flash-lite-preview
../dataset/test/images/wildfire_test_00163.jpg,wildfire,wildfire_test_00163,wildfire,wc,gemini-3.1-flash-lite-preview
../dataset/test/images/dust_test_00077.jpg,haze/sand/dust,dust_test_00077,fog,wc,gemini-3.1-flash-lite-preview
../dataset/test/images/snow_test_00287.jpg,snow,snow_test_00287,snow,wc,gemini-3.1-flash-lite-preview
../dataset/test/images/flooding_test_00388.jpg,flooding,flooding_test_00388,flooding,wc,gemini-3.1-flash-lite-preview
../dataset/test/images/heavy_rain_test_00101.jpg,rain,heavy_rain_test_00101,rain,wc,gemini-3.1-flash-lite-preview
../dataset/test/images/dust_test_00043.jpg,haze/sand/dust,dust_test_00043,fog,wc,gemini-3.1-flash-lite-preview
../dataset/test/images/wildfire_test_00002.jpg,wildfire,wildfire_test_00002,wildfire,wc,gemini-3.1-flash-lite-preview
../dataset/test/images/flooding_test_00911.jpg,flooding,flooding_test_00911,rain,wc,gemini-3.1-flash-lite-preview
../dataset/test/images/tornado_test_00059.jpg,tornado,tornado_test_00059,rain,wc,gemini-3.1-flash-lite-preview
../dataset/test/images/heavy_rain_test_00018.jpg,rain,heavy_rain_test_00018,flooding,wc,gemini-3.1-flash-lite-preview
../dataset/test/images/fog_test_00014.jpg,fog,fog_test_00014,fog,wc,gemini-3.1-flash-lite-preview
../dataset/test/images/dust_test_00136.jpg,haze/sand/dust,dust_test_00136,fog,wc,gemini-3.1-flash-lite-preview
../dataset/test/images/heavy_rain_test_00194.jpg,rain,heavy_rain_test_00194,rain,wc,gemini-3.1-flash-lite-preview
../dataset/test/images/wildfire_test_00010.jpg,wildfire,wildfire_test_00010,wildfire,wc,gemini-3.1-flash-lite-preview
../dataset/test/images/wildfire_test_00299.jpg,wildfire,wildfire_test_00299,wildfire,wc,gemini-3.1-flash-lite-preview
../dataset/test/images/flooding_test_00241.jpg,flooding,flooding_test_00241,flooding,wc,gemini-3.1-flash-lite-preview
../dataset/test/images/flooding_test_00807.jpg,flooding,flooding_test_00807,rain,wc,gemini-3.1-flash-lite-preview
../dataset/test/images/tornado_test_00004.jpg,tornado,tornado_test_00004,tornado,wc,gemini-3.1-flash-lite-preview
../dataset/test/images/tornado_test_00019.jpg,tornado,tornado_test_00019,rain,wc,gemini-3.1-flash-lite-preview
../dataset/test/images/tornado_test_00030.jpg,tornado,tornado_test_00030,tornado,wc,gemini-3.1-flash-lite-preview
../dataset/test/images/snow_test_00026.jpg,snow,snow_test_00026,snow,wc,gemini-3.1-flash-lite-preview
../dataset/test/images/snow_test_00256.jpg,snow,snow_test_00256,snow,wc,gemini-3.1-flash-lite-preview
../dataset/test/images/tornado_test_00072.jpg,tornado,tornado_test_00072,tornado,wc,gemini-3.1-flash-lite-preview
../dataset/test/images/tornado_test_00140.jpg,tornado,tornado_test_00140,flooding,wc,gemini-3.1-flash-lite-preview
../dataset/test/images/snow_test_00192.jpg,snow,snow_test_00192,snow,wc,gemini-3.1-flash-lite-preview
../dataset/test/images/wildfire_test_00312.jpg,wildfire,wildfire_test_00312,wildfire,wc,gemini-3.1-flash-lite-preview
../dataset/test/images/dust_test_00040.jpg,haze/sand/dust,dust_test_00040,fog,wc,gemini-3.1-flash-lite-preview
../dataset/test/images/wildfire_test_00069.jpg,wildfire,wildfire_test_00069,wildfire,wc,gemini-3.1-flash-lite-preview
../dataset/test/images/fog_test_00095.jpg,fog,fog_test_00095,fog,wc,gemini-3.1-flash-lite-preview
../dataset/test/images/heavy_rain_test_00016.jpg,rain,heavy_rain_test_00016,rain,wc,gemini-3.1-flash-lite-preview
../dataset/test/images/heavy_rain_test_00146.jpg,rain,heavy_rain_test_00146,rain,wc,gemini-3.1-flash-lite-preview
../dataset/test/images/dust_test_00074.jpg,haze/sand/dust,dust_test_00074,fog,wc,gemini-3.1-flash-lite-preview
../dataset/test/images/tornado_test_00139.jpg,tornado,tornado_test_00139,flooding,wc,gemini-3.1-flash-lite-preview
../dataset/test/images/tornado_test_00121.jpg,tornado,tornado_test_00121,tornado,wc,gemini-3.1-flash-lite-preview
../dataset/test/images/flooding_test_00102.jpg,flooding,flooding_test_00102,flooding,wc,gemini-3.1-flash-lite-preview
../dataset/test/images/tornado_test_00090.jpg,tornado,tornado_test_00090,tornado,wc,gemini-3.1-flash-lite-preview
../dataset/test/images/fog_test_00103.jpg,fog,fog_test_00103,fog,wc,gemini-3.1-flash-lite-preview
../dataset/test/images/wildfire_test_00242.jpg,wildfire,wildfire_test_00242,rain,wc,gemini-3.1-flash-lite-preview
../dataset/test/images/wildfire_test_00151.jpg,wildfire,wildfire_test_00151,wildfire,wc,gemini-3.1-flash-lite-preview
../dataset/test/images/dust_test_00131.jpg,haze/sand/dust,dust_test_00131,haze/sand/dust,wc,gemini-3.1-flash-lite-preview
../dataset/test/images/wildfire_test_00160.jpg,wildfire,wildfire_test_00160,wildfire,wc,gemini-3.1-flash-lite-preview
../dataset/test/images/tornado_test_00142.jpg,tornado,tornado_test_00142,tornado,wc,gemini-3.1-flash-lite-preview
../dataset/test/images/wildfire_test_00156.jpg,wildfire,wildfire_test_00156,wildfire,wc,gemini-3.1-flash-lite-preview
../dataset/test/images/flooding_test_00730.jpg,flooding,flooding_test_00730,rain,wc,gemini-3.1-flash-lite-preview
../dataset/test/images/snow_test_00074.jpg,snow,snow_test_00074,snow,wc,gemini-3.1-flash-lite-preview
../dataset/test/images/heavy_rain_test_00167.jpg,rain,heavy_rain_test_00167,rain,wc,gemini-3.1-flash-lite-preview
../dataset/test/images/heavy_rain_test_00204.jpg,rain,heavy_rain_test_00204,rain,wc,gemini-3.1-flash-lite-preview
../dataset/test/images/wildfire_test_00176.jpg,wildfire,wildfire_test_00176,wildfire,wc,gemini-3.1-flash-lite-preview
../dataset/test/images/wildfire_test_00041.jpg,wildfire,wildfire_test_00041,wildfire,wc,gemini-3.1-flash-lite-preview
../dataset/test/images/dust_test_00054.jpg,haze/sand/dust,dust_test_00054,haze/sand/dust,wc,gemini-3.1-flash-lite-preview
../dataset/test/images/dust_test_00025.jpg,haze/sand/dust,dust_test_00025,haze/sand/dust,wc,gemini-3.1-flash-lite-preview
../dataset/test/images/flooding_test_00614.jpg,flooding,flooding_test_00614,flooding,wc,gemini-3.1-flash-lite-preview
../dataset/test/images/heavy_rain_test_00199.jpg,rain,heavy_rain_test_00199,rain,wc,gemini-3.1-flash-lite-preview
../dataset/test/images/tornado_test_00031.jpg,tornado,tornado_test_00031,tornado,wc,gemini-3.1-flash-lite-preview
../dataset/test/images/fog_test_00024.jpg,fog,fog_test_00024,fog,wc,gemini-3.1-flash-lite-preview
../dataset/test/images/tornado_test_00068.jpg,tornado,tornado_test_00068,tornado,wc,gemini-3.1-flash-lite-preview
../dataset/test/images/tornado_test_00079.jpg,tornado,tornado_test_00079,tornado,wc,gemini-3.1-flash-lite-preview
../dataset/test/images/flooding_test_00317.jpg,flooding,flooding_test_00317,flooding,wc,gemini-3.1-flash-lite-preview
../dataset/test/images/flooding_test_00466.jpg,flooding,flooding_test_00466,flooding,wc,gemini-3.1-flash-lite-preview
../dataset/test/images/wildfire_test_00142.jpg,wildfire,wildfire_test_00142,wildfire,wc,gemini-3.1-flash-lite-preview
../dataset/test/images/dust_test_00056.jpg,haze/sand/dust,dust_test_00056,fog,wc,gemini-3.1-flash-lite-preview
../dataset/test/images/tornado_test_00006.jpg,tornado,tornado_test_00006,rain,wc,gemini-3.1-flash-lite-preview
../dataset/test/images/dust_test_00127.jpg,haze/sand/dust,dust_test_00127,rain,wc,gemini-3.1-flash-lite-preview
../dataset/test/images/snow_test_00169.jpg,snow,snow_test_00169,snow,wc,gemini-3.1-flash-lite-preview
../dataset/test/images/dust_test_00015.jpg,haze/sand/dust,dust_test_00015,fog,wc,gemini-3.1-flash-lite-preview
../dataset/test/images/fog_test_00020.jpg,fog,fog_test_00020,fog,wc,gemini-3.1-flash-lite-preview
../dataset/test/images/wildfire_test_00216.jpg,wildfire,wildfire_test_00216,wildfire,wc,gemini-3.1-flash-lite-preview
../dataset/test/images/tornado_test_00097.jpg,tornado,tornado_test_00097,tornado,wc,gemini-3.1-flash-lite-preview
../dataset/test/images/dust_test_00088.jpg,haze/sand/dust,dust_test_00088,haze/sand/dust,wc,gemini-3.1-flash-lite-preview
../dataset/test/images/dust_test_00129.jpg,haze/sand/dust,dust_test_00129,fog,wc,gemini-3.1-flash-lite-preview
../dataset/test/images/flooding_test_00768.jpg,flooding,flooding_test_00768,rain,wc,gemini-3.1-flash-lite-preview
../dataset/test/images/flooding_test_00629.jpg,flooding,flooding_test_00629,rain,wc,gemini-3.1-flash-lite-preview
../dataset/test/images/fog_test_00015.jpg,fog,fog_test_00015,rain,wc,gemini-3.1-flash-lite-preview
../dataset/test/images/snow_test_00075.jpg,snow,snow_test_00075,snow,wc,gemini-3.1-flash-lite-preview
../dataset/test/images/snow_test_00022.jpg,snow,snow_test_00022,snow,wc,gemini-3.1-flash-lite-preview
../dataset/test/images/flooding_test_00711.jpg,flooding,flooding_test_00711,rain,wc,gemini-3.1-flash-lite-preview
../dataset/test/images/heavy_rain_test_00118.jpg,rain,heavy_rain_test_00118,rain,wc,gemini-3.1-flash-lite-preview
../dataset/test/images/snow_test_00346.jpg,snow,snow_test_00346,snow,wc,gemini-3.1-flash-lite-preview
../dataset/test/images/fog_test_00040.jpg,fog,fog_test_00040,fog,wc,gemini-3.1-flash-lite-preview
../dataset/test/images/tornado_test_00056.jpg,tornado,tornado_test_00056,rain,wc,gemini-3.1-flash-lite-preview
../dataset/test/images/dust_test_00060.jpg,haze/sand/dust,dust_test_00060,fog,wc,gemini-3.1-flash-lite-preview
../dataset/test/images/tornado_test_00088.jpg,tornado,tornado_test_00088,tornado,wc,gemini-3.1-flash-lite-preview
../dataset/test/images/fog_test_00060.jpg,fog,fog_test_00060,fog,wc,gemini-3.1-flash-lite-preview
../dataset/test/images/dust_test_00086.jpg,haze/sand/dust,dust_test_00086,fog,wc,gemini-3.1-flash-lite-preview
../dataset/test/images/wildfire_test_00128.jpg,wildfire,wildfire_test_00128,wildfire,wc,gemini-3.1-flash-lite-preview
../dataset/test/images/dust_test_00085.jpg,haze/sand/dust,dust_test_00085,fog,wc,gemini-3.1-flash-lite-preview
../dataset/test/images/dust_test_00103.jpg,haze/sand/dust,dust_test_00103,fog,wc,gemini-3.1-flash-lite-preview
../dataset/test/images/tornado_test_00003.jpg,tornado,tornado_test_00003,tornado,wc,gemini-3.1-flash-lite-preview
../dataset/test/images/snow_test_00224.jpg,snow,snow_test_00224,snow,wc,gemini-3.1-flash-lite-preview
../dataset/test/images/snow_test_00006.jpg,snow,snow_test_00006,snow,wc,gemini-3.1-flash-lite-preview
../dataset/test/images/fog_test_00056.jpg,fog,fog_test_00056,fog,wc,gemini-3.1-flash-lite-preview
../dataset/test/images/heavy_rain_test_00092.jpg,rain,heavy_rain_test_00092,rain,wc,gemini-3.1-flash-lite-preview
../dataset/test/images/wildfire_test_00089.jpg,wildfire,wildfire_test_00089,wildfire,wc,gemini-3.1-flash-lite-preview
../dataset/test/images/tornado_test_00124.jpg,tornado,tornado_test_00124,tornado,wc,gemini-3.1-flash-lite-preview
../dataset/test/images/fog_test_00075.jpg,fog,fog_test_00075,rain,wc,gemini-3.1-flash-lite-preview
../dataset/test/images/snow_test_00012.jpg,snow,snow_test_00012,snow,wc,gemini-3.1-flash-lite-preview
../dataset/test/images/fog_test_00038.jpg,fog,fog_test_00038,fog,wc,gemini-3.1-flash-lite-preview
../dataset/test/images/dust_test_00139.jpg,haze/sand/dust,dust_test_00139,fog,wc,gemini-3.1-flash-lite-preview
../dataset/test/images/flooding_test_00891.jpg,flooding,flooding_test_00891,rain,wc,gemini-3.1-flash-lite-preview
../dataset/test/images/fog_test_00049.jpg,fog,fog_test_00049,fog,wc,gemini-3.1-flash-lite-preview
../dataset/test/images/heavy_rain_test_00128.jpg,rain,heavy_rain_test_00128,rain,wc,gemini-3.1-flash-lite-preview
../dataset/test/images/dust_test_00064.jpg,haze/sand/dust,dust_test_00064,fog,wc,gemini-3.1-flash-lite-preview
../dataset/test/images/tornado_test_00080.jpg,tornado,tornado_test_00080,tornado,wc,gemini-3.1-flash-lite-preview
../dataset/test/images/dust_test_00055.jpg,haze/sand/dust,dust_test_00055,fog,wc,gemini-3.1-flash-lite-preview
../dataset/test/images/fog_test_00074.jpg,fog,fog_test_00074,fog,wc,gemini-3.1-flash-lite-preview
../dataset/test/images/snow_test_00302.jpg,snow,snow_test_00302,snow,wc,gemini-3.1-flash-lite-preview
../dataset/test/images/snow_test_00318.jpg,snow,snow_test_00318,snow,wc,gemini-3.1-flash-lite-preview
../dataset/test/images/snow_test_00286.jpg,snow,snow_test_00286,snow,wc,gemini-3.1-flash-lite-preview
../dataset/test/images/dust_test_00031.jpg,haze/sand/dust,dust_test_00031,fog,wc,gemini-3.1-flash-lite-preview
../dataset/test/images/snow_test_00025.jpg,snow,snow_test_00025,snow,wc,gemini-3.1-flash-lite-preview
../dataset/test/images/heavy_rain_test_00247.jpg,rain,heavy_rain_test_00247,rain,wc,gemini-3.1-flash-lite-preview
../dataset/test/images/dust_test_00122.jpg,haze/sand/dust,dust_test_00122,fog,wc,gemini-3.1-flash-lite-preview
../dataset/test/images/heavy_rain_test_00123.jpg,rain,heavy_rain_test_00123,rain,wc,gemini-3.1-flash-lite-preview
../dataset/test/images/snow_test_00210.jpg,snow,snow_test_00210,snow,wc,gemini-3.1-flash-lite-preview
../dataset/test/images/fog_test_00079.jpg,fog,fog_test_00079,rain,wc,gemini-3.1-flash-lite-preview
../dataset/test/images/tornado_test_00075.jpg,tornado,tornado_test_00075,tornado,wc,gemini-3.1-flash-lite-preview
../dataset/test/images/dust_test_00071.jpg,haze/sand/dust,dust_test_00071,fog,wc,gemini-3.1-flash-lite-preview
../dataset/test/images/wildfire_test_00137.jpg,wildfire,wildfire_test_00137,wildfire,wc,gemini-3.1-flash-lite-preview
../dataset/test/images/dust_test_00030.jpg,haze/sand/dust,dust_test_00030,haze/sand/dust,wc,gemini-3.1-flash-lite-preview
../dataset/test/images/tornado_test_00087.jpg,tornado,tornado_test_00087,haze/sand/dust,wc,gemini-3.1-flash-lite-preview
../dataset/test/images/flooding_test_00244.jpg,flooding,flooding_test_00244,flooding,wc,gemini-3.1-flash-lite-preview
../dataset/test/images/flooding_test_00692.jpg,flooding,flooding_test_00692,rain,wc,gemini-3.1-flash-lite-preview
../dataset/test/images/tornado_test_00023.jpg,tornado,tornado_test_00023,tornado,wc,gemini-3.1-flash-lite-preview
../dataset/test/images/wildfire_test_00077.jpg,wildfire,wildfire_test_00077,wildfire,wc,gemini-3.1-flash-lite-preview
../dataset/test/images/heavy_rain_test_00003.jpg,rain,heavy_rain_test_00003,rain,wc,gemini-3.1-flash-lite-preview
../dataset/test/images/fog_test_00017.jpg,fog,fog_test_00017,fog,wc,gemini-3.1-flash-lite-preview
../dataset/test/images/heavy_rain_test_00251.jpg,rain,heavy_rain_test_00251,fog,wc,gemini-3.1-flash-lite-preview
../dataset/test/images/tornado_test_00037.jpg,tornado,tornado_test_00037,tornado,wc,gemini-3.1-flash-lite-preview
../dataset/test/images/snow_test_00086.jpg,snow,snow_test_00086,snow,wc,gemini-3.1-flash-lite-preview
../dataset/test/images/wildfire_test_00147.jpg,wildfire,wildfire_test_00147,wildfire,wc,gemini-3.1-flash-lite-preview
../dataset/test/images/dust_test_00005.jpg,haze/sand/dust,dust_test_00005,haze/sand/dust,wc,gemini-3.1-flash-lite-preview
../dataset/test/images/flooding_test_00577.jpg,flooding,flooding_test_00577,flooding,wc,gemini-3.1-flash-lite-preview
../dataset/test/images/heavy_rain_test_00130.jpg,rain,heavy_rain_test_00130,rain,wc,gemini-3.1-flash-lite-preview
../dataset/test/images/dust_test_00011.jpg,haze/sand/dust,dust_test_00011,fog,wc,gemini-3.1-flash-lite-preview
../dataset/test/images/snow_test_00158.jpg,snow,snow_test_00158,snow,wc,gemini-3.1-flash-lite-preview
../dataset/test/images/wildfire_test_00171.jpg,wildfire,wildfire_test_00171,wildfire,wc,gemini-3.1-flash-lite-preview
../dataset/test/images/dust_test_00052.jpg,haze/sand/dust,dust_test_00052,snow,wc,gemini-3.1-flash-lite-preview
../dataset/test/images/snow_test_00322.jpg,snow,snow_test_00322,snow,wc,gemini-3.1-flash-lite-preview
../dataset/test/images/flooding_test_00874.jpg,flooding,flooding_test_00874,rain,wc,gemini-3.1-flash-lite-preview
../dataset/test/images/snow_test_00062.jpg,snow,snow_test_00062,snow,wc,gemini-3.1-flash-lite-preview
../dataset/test/images/dust_test_00004.jpg,haze/sand/dust,dust_test_00004,haze/sand/dust,wc,gemini-3.1-flash-lite-preview
../dataset/test/images/fog_test_00067.jpg,fog,fog_test_00067,rain,wc,gemini-3.1-flash-lite-preview
../dataset/test/images/fog_test_00043.jpg,fog,fog_test_00043,fog,wc,gemini-3.1-flash-lite-preview
../dataset/test/images/tornado_test_00010.jpg,tornado,tornado_test_00010,tornado,wc,gemini-3.1-flash-lite-preview
../dataset/test/images/flooding_test_00994.jpg,flooding,flooding_test_00994,rain,wc,gemini-3.1-flash-lite-preview
../dataset/test/images/wildfire_test_00047.jpg,wildfire,wildfire_test_00047,wildfire,wc,gemini-3.1-flash-lite-preview
../dataset/test/images/dust_test_00024.jpg,haze/sand/dust,dust_test_00024,haze/sand/dust,wc,gemini-3.1-flash-lite-preview
../dataset/test/images/flooding_test_00443.jpg,flooding,flooding_test_00443,flooding,wc,gemini-3.1-flash-lite-preview
../dataset/test/images/heavy_rain_test_00082.jpg,rain,heavy_rain_test_00082,rain,wc,gemini-3.1-flash-lite-preview
../dataset/test/images/wildfire_test_00310.jpg,wildfire,wildfire_test_00310,wildfire,wc,gemini-3.1-flash-lite-preview
../dataset/test/images/heavy_rain_test_00176.jpg,rain,heavy_rain_test_00176,rain,wc,gemini-3.1-flash-lite-preview
../dataset/test/images/wildfire_test_00129.jpg,wildfire,wildfire_test_00129,wildfire,wc,gemini-3.1-flash-lite-preview
../dataset/test/images/heavy_rain_test_00022.jpg,rain,heavy_rain_test_00022,rain,wc,gemini-3.1-flash-lite-preview
../dataset/test/images/fog_test_00066.jpg,fog,fog_test_00066,rain,wc,gemini-3.1-flash-lite-preview
../dataset/test/images/flooding_test_00173.jpg,flooding,flooding_test_00173,flooding,wc,gemini-3.1-flash-lite-preview
../dataset/test/images/fog_test_00019.jpg,fog,fog_test_00019,rain,wc,gemini-3.1-flash-lite-preview
../dataset/test/images/snow_test_00305.jpg,snow,snow_test_00305,snow,wc,gemini-3.1-flash-lite-preview
../dataset/test/images/snow_test_00276.jpg,snow,snow_test_00276,snow,wc,gemini-3.1-flash-lite-preview
../dataset/test/images/snow_test_00048.jpg,snow,snow_test_00048,snow,wc,gemini-3.1-flash-lite-preview
../dataset/test/images/fog_test_00007.jpg,fog,fog_test_00007,fog,wc,gemini-3.1-flash-lite-preview
../dataset/test/images/snow_test_00008.jpg,snow,snow_test_00008,snow,wc,gemini-3.1-flash-lite-preview
../dataset/test/images/tornado_test_00115.jpg,tornado,tornado_test_00115,tornado,wc,gemini-3.1-flash-lite-preview
../dataset/test/images/fog_test_00032.jpg,fog,fog_test_00032,fog,wc,gemini-3.1-flash-lite-preview
../dataset/test/images/wildfire_test_00091.jpg,wildfire,wildfire_test_00091,wildfire,wc,gemini-3.1-flash-lite-preview
../dataset/test/images/snow_test_00225.jpg,snow,snow_test_00225,snow,wc,gemini-3.1-flash-lite-preview
../dataset/test/images/flooding_test_00351.jpg,flooding,flooding_test_00351,flooding,wc,gemini-3.1-flash-lite-preview
../dataset/test/images/tornado_test_00111.jpg,tornado,tornado_test_00111,tornado,wc,gemini-3.1-flash-lite-preview
../dataset/test/images/flooding_test_00974.jpg,flooding,flooding_test_00974,rain,wc,gemini-3.1-flash-lite-preview
../dataset/test/images/heavy_rain_test_00245.jpg,rain,heavy_rain_test_00245,rain,wc,gemini-3.1-flash-lite-preview
../dataset/test/images/dust_test_00045.jpg,haze/sand/dust,dust_test_00045,fog,wc,gemini-3.1-flash-lite-preview
../dataset/test/images/flooding_test_00238.jpg,flooding,flooding_test_00238,flooding,wc,gemini-3.1-flash-lite-preview
../dataset/test/images/flooding_test_00419.jpg,flooding,flooding_test_00419,flooding,wc,gemini-3.1-flash-lite-preview
../dataset/test/images/tornado_test_00089.jpg,tornado,tornado_test_00089,tornado,wc,gemini-3.1-flash-lite-preview
../dataset/test/images/snow_test_00140.jpg,snow,snow_test_00140,snow,wc,gemini-3.1-flash-lite-preview
../dataset/test/images/dust_test_00105.jpg,haze/sand/dust,dust_test_00105,fog,wc,gemini-3.1-flash-lite-preview
../dataset/test/images/flooding_test_00418.jpg,flooding,flooding_test_00418,flooding,wc,gemini-3.1-flash-lite-preview
../dataset/test/images/flooding_test_00485.jpg,flooding,flooding_test_00485,flooding,wc,gemini-3.1-flash-lite-preview
../dataset/test/images/dust_test_00034.jpg,haze/sand/dust,dust_test_00034,haze/sand/dust,wc,gemini-3.1-flash-lite-preview
../dataset/test/images/flooding_test_00882.jpg,flooding,flooding_test_00882,rain,wc,gemini-3.1-flash-lite-preview
../dataset/test/images/dust_test_00141.jpg,haze/sand/dust,dust_test_00141,fog,wc,gemini-3.1-flash-lite-preview
../dataset/test/images/fog_test_00090.jpg,fog,fog_test_00090,rain,wc,gemini-3.1-flash-lite-preview
../dataset/test/images/flooding_test_00869.jpg,flooding,flooding_test_00869,rain,wc,gemini-3.1-flash-lite-preview
../dataset/test/images/flooding_test_00950.jpg,flooding,flooding_test_00950,rain,wc,gemini-3.1-flash-lite-preview
../dataset/test/images/fog_test_00029.jpg,fog,fog_test_00029,rain,wc,gemini-3.1-flash-lite-preview
../dataset/test/images/dust_test_00100.jpg,haze/sand/dust,dust_test_00100,fog,wc,gemini-3.1-flash-lite-preview
../dataset/test/images/snow_test_00264.jpg,snow,snow_test_00264,snow,wc,gemini-3.1-flash-lite-preview
../dataset/test/images/wildfire_test_00103.jpg,wildfire,wildfire_test_00103,wildfire,wc,gemini-3.1-flash-lite-preview
../dataset/test/images/flooding_test_00130.jpg,flooding,flooding_test_00130,flooding,wc,gemini-3.1-flash-lite-preview
../dataset/test/images/fog_test_00073.jpg,fog,fog_test_00073,rain,wc,gemini-3.1-flash-lite-preview
../dataset/test/images/dust_test_00111.jpg,haze/sand/dust,dust_test_00111,fog,wc,gemini-3.1-flash-lite-preview
../dataset/test/images/flooding_test_00061.jpg,flooding,flooding_test_00061,flooding,wc,gemini-3.1-flash-lite-preview
../dataset/test/images/wildfire_test_00200.jpg,wildfire,wildfire_test_00200,wildfire,wc,gemini-3.1-flash-lite-preview
../dataset/test/images/heavy_rain_test_00170.jpg,rain,heavy_rain_test_00170,rain,wc,gemini-3.1-flash-lite-preview
../dataset/test/images/heavy_rain_test_00023.jpg,rain,heavy_rain_test_00023,rain,wc,gemini-3.1-flash-lite-preview
../dataset/test/images/wildfire_test_00180.jpg,wildfire,wildfire_test_00180,wildfire,wc,gemini-3.1-flash-lite-preview
../dataset/test/images/snow_test_00204.jpg,snow,snow_test_00204,snow,wc,gemini-3.1-flash-lite-preview
../dataset/test/images/fog_test_00065.jpg,fog,fog_test_00065,rain,wc,gemini-3.1-flash-lite-preview
../dataset/test/images/heavy_rain_test_00141.jpg,rain,heavy_rain_test_00141,rain,wc,gemini-3.1-flash-lite-preview
../dataset/test/images/heavy_rain_test_00011.jpg,rain,heavy_rain_test_00011,rain,wc,gemini-3.1-flash-lite-preview
../dataset/test/images/wildfire_test_00250.jpg,wildfire,wildfire_test_00250,wildfire,wc,gemini-3.1-flash-lite-preview
../dataset/test/images/snow_test_00274.jpg,snow,snow_test_00274,snow,wc,gemini-3.1-flash-lite-preview
../dataset/test/images/flooding_test_00858.jpg,flooding,flooding_test_00858,rain,wc,gemini-3.1-flash-lite-preview
../dataset/test/images/snow_test_00186.jpg,snow,snow_test_00186,snow,wc,gemini-3.1-flash-lite-preview
../dataset/test/images/heavy_rain_test_00122.jpg,rain,heavy_rain_test_00122,rain,wc,gemini-3.1-flash-lite-preview
../dataset/test/images/snow_test_00037.jpg,snow,snow_test_00037,snow,wc,gemini-3.1-flash-lite-preview
../dataset/test/images/snow_test_00205.jpg,snow,snow_test_00205,snow,wc,gemini-3.1-flash-lite-preview
../dataset/test/images/snow_test_00085.jpg,snow,snow_test_00085,snow,wc,gemini-3.1-flash-lite-preview
../dataset/test/images/fog_test_00088.jpg,fog,fog_test_00088,fog,wc,gemini-3.1-flash-lite-preview
../dataset/test/images/flooding_test_00231.jpg,flooding,flooding_test_00231,flooding,wc,gemini-3.1-flash-lite-preview
../dataset/test/images/flooding_test_00051.jpg,flooding,flooding_test_00051,flooding,wc,gemini-3.1-flash-lite-preview
../dataset/test/images/dust_test_00084.jpg,haze/sand/dust,dust_test_00084,snow,wc,gemini-3.1-flash-lite-preview
../dataset/test/images/heavy_rain_test_00177.jpg,rain,heavy_rain_test_00177,rain,wc,gemini-3.1-flash-lite-preview
../dataset/test/images/heavy_rain_test_00246.jpg,rain,heavy_rain_test_00246,rain,wc,gemini-3.1-flash-lite-preview
../dataset/test/images/dust_test_00124.jpg,haze/sand/dust,dust_test_00124,fog,wc,gemini-3.1-flash-lite-preview
../dataset/test/images/fog_test_00057.jpg,fog,fog_test_00057,fog,wc,gemini-3.1-flash-lite-preview
../dataset/test/images/fog_test_00085.jpg,fog,fog_test_00085,fog,wc,gemini-3.1-flash-lite-preview
../dataset/test/images/tornado_test_00022.jpg,tornado,tornado_test_00022,tornado,wc,gemini-3.1-flash-lite-preview
../dataset/test/images/snow_test_00184.jpg,snow,snow_test_00184,snow,wc,gemini-3.1-flash-lite-preview
../dataset/test/images/snow_test_00218.jpg,snow,snow_test_00218,snow,wc,gemini-3.1-flash-lite-preview
../dataset/test/images/fog_test_00009.jpg,fog,fog_test_00009,rain,wc,gemini-3.1-flash-lite-preview
../dataset/test/images/snow_test_00015.jpg,snow,snow_test_00015,snow,wc,gemini-3.1-flash-lite-preview
../dataset/test/images/flooding_test_00054.jpg,flooding,flooding_test_00054,flooding,wc,gemini-3.1-flash-lite-preview
../dataset/test/images/heavy_rain_test_00110.jpg,rain,heavy_rain_test_00110,fog,wc,gemini-3.1-flash-lite-preview
../dataset/test/images/fog_test_00077.jpg,fog,fog_test_00077,rain,wc,gemini-3.1-flash-lite-preview
../dataset/test/images/fog_test_00091.jpg,fog,fog_test_00091,rain,wc,gemini-3.1-flash-lite-preview
../dataset/test/images/snow_test_00088.jpg,snow,snow_test_00088,snow,wc,gemini-3.1-flash-lite-preview
../dataset/test/images/dust_test_00107.jpg,haze/sand/dust,dust_test_00107,haze/sand/dust,wc,gemini-3.1-flash-lite-preview
../dataset/test/images/wildfire_test_00313.jpg,wildfire,wildfire_test_00313,wildfire,wc,gemini-3.1-flash-lite-preview
../dataset/test/images/heavy_rain_test_00198.jpg,rain,heavy_rain_test_00198,rain,wc,gemini-3.1-flash-lite-preview
../dataset/test/images/wildfire_test_00037.jpg,wildfire,wildfire_test_00037,wildfire,wc,gemini-3.1-flash-lite-preview
../dataset/test/images/heavy_rain_test_00240.jpg,rain,heavy_rain_test_00240,rain,wc,gemini-3.1-flash-lite-preview
../dataset/test/images/flooding_test_00493.jpg,flooding,flooding_test_00493,flooding,wc,gemini-3.1-flash-lite-preview
../dataset/test/images/heavy_rain_test_00034.jpg,rain,heavy_rain_test_00034,rain,wc,gemini-3.1-flash-lite-preview
../dataset/test/images/wildfire_test_00034.jpg,wildfire,wildfire_test_00034,wildfire,wc,gemini-3.1-flash-lite-preview
../dataset/test/images/heavy_rain_test_00148.jpg,rain,heavy_rain_test_00148,rain,wc,gemini-3.1-flash-lite-preview
../dataset/test/images/wildfire_test_00025.jpg,wildfire,wildfire_test_00025,wildfire,wc,gemini-3.1-flash-lite-preview
../dataset/test/images/heavy_rain_test_00236.jpg,rain,heavy_rain_test_00236,rain,wc,gemini-3.1-flash-lite-preview
../dataset/test/images/snow_test_00034.jpg,snow,snow_test_00034,snow,wc,gemini-3.1-flash-lite-preview
../dataset/test/images/wildfire_test_00311.jpg,wildfire,wildfire_test_00311,wildfire,wc,gemini-3.1-flash-lite-preview
../dataset/test/images/snow_test_00035.jpg,snow,snow_test_00035,snow,wc,gemini-3.1-flash-lite-preview
../dataset/test/images/wildfire_test_00309.jpg,wildfire,wildfire_test_00309,wildfire,wc,gemini-3.1-flash-lite-preview
../dataset/test/images/tornado_test_00057.jpg,tornado,tornado_test_00057,tornado,wc,gemini-3.1-flash-lite-preview
../dataset/test/images/dust_test_00014.jpg,haze/sand/dust,dust_test_00014,haze/sand/dust,wc,gemini-3.1-flash-lite-preview
../dataset/test/images/wildfire_test_00220.jpg,wildfire,wildfire_test_00220,wildfire,wc,gemini-3.1-flash-lite-preview
../dataset/test/images/heavy_rain_test_00223.jpg,rain,heavy_rain_test_00223,rain,wc,gemini-3.1-flash-lite-preview
../dataset/test/images/fog_test_00089.jpg,fog,fog_test_00089,fog,wc,gemini-3.1-flash-lite-preview
../dataset/test/images/tornado_test_00104.jpg,tornado,tornado_test_00104,tornado,wc,gemini-3.1-flash-lite-preview
../dataset/test/images/snow_test_00017.jpg,snow,snow_test_00017,snow,wc,gemini-3.1-flash-lite-preview
../dataset/test/images/fog_test_00013.jpg,fog,fog_test_00013,fog,wc,gemini-3.1-flash-lite-preview
../dataset/test/images/heavy_rain_test_00182.jpg,rain,heavy_rain_test_00182,rain,wc,gemini-3.1-flash-lite-preview
../dataset/test/images/dust_test_00038.jpg,haze/sand/dust,dust_test_00038,fog,wc,gemini-3.1-flash-lite-preview
../dataset/test/images/fog_test_00086.jpg,fog,fog_test_00086,fog,wc,gemini-3.1-flash-lite-preview
../dataset/test/images/flooding_test_00454.jpg,flooding,flooding_test_00454,flooding,wc,gemini-3.1-flash-lite-preview
../dataset/test/images/fog_test_00092.jpg,fog,fog_test_00092,rain,wc,gemini-3.1-flash-lite-preview
../dataset/test/images/fog_test_00084.jpg,fog,fog_test_00084,fog,wc,gemini-3.1-flash-lite-preview
../dataset/test/images/flooding_test_00170.jpg,flooding,flooding_test_00170,flooding,wc,gemini-3.1-flash-lite-preview
../dataset/test/images/flooding_test_00551.jpg,flooding,flooding_test_00551,flooding,wc,gemini-3.1-flash-lite-preview
../dataset/test/images/snow_test_00241.jpg,snow,snow_test_00241,snow,wc,gemini-3.1-flash-lite-preview
../dataset/test/images/flooding_test_00700.jpg,flooding,flooding_test_00700,rain,wc,gemini-3.1-flash-lite-preview
../dataset/test/images/snow_test_00316.jpg,snow,snow_test_00316,snow,wc,gemini-3.1-flash-lite-preview
../dataset/test/images/snow_test_00059.jpg,snow,snow_test_00059,snow,wc,gemini-3.1-flash-lite-preview
../dataset/test/images/wildfire_test_00214.jpg,wildfire,wildfire_test_00214,wildfire,wc,gemini-3.1-flash-lite-preview
../dataset/test/images/tornado_test_00078.jpg,tornado,tornado_test_00078,rain,wc,gemini-3.1-flash-lite-preview
../dataset/test/images/fog_test_00047.jpg,fog,fog_test_00047,fog,wc,gemini-3.1-flash-lite-preview
../dataset/test/images/dust_test_00101.jpg,haze/sand/dust,dust_test_00101,fog,wc,gemini-3.1-flash-lite-preview
../dataset/test/images/heavy_rain_test_00156.jpg,rain,heavy_rain_test_00156,rain,wc,gemini-3.1-flash-lite-preview
../dataset/test/images/fog_test_00069.jpg,fog,fog_test_00069,haze/sand/dust,wc,gemini-3.1-flash-lite-preview
../dataset/test/images/snow_test_00243.jpg,snow,snow_test_00243,snow,wc,gemini-3.1-flash-lite-preview
../dataset/test/images/fog_test_00046.jpg,fog,fog_test_00046,fog,wc,gemini-3.1-flash-lite-preview
../dataset/test/images/heavy_rain_test_00083.jpg,rain,heavy_rain_test_00083,rain,wc,gemini-3.1-flash-lite-preview
../dataset/test/images/fog_test_00059.jpg,fog,fog_test_00059,fog,wc,gemini-3.1-flash-lite-preview
../dataset/test/images/dust_test_00023.jpg,haze/sand/dust,dust_test_00023,fog,wc,gemini-3.1-flash-lite-preview
../dataset/test/images/dust_test_00063.jpg,haze/sand/dust,dust_test_00063,fog,wc,gemini-3.1-flash-lite-preview
../dataset/test/images/heavy_rain_test_00179.jpg,rain,heavy_rain_test_00179,rain,wc,gemini-3.1-flash-lite-preview
../dataset/test/images/tornado_test_00029.jpg,tornado,tornado_test_00029,tornado,wc,gemini-3.1-flash-lite-preview
../dataset/test/images/heavy_rain_test_00085.jpg,rain,heavy_rain_test_00085,rain,wc,gemini-3.1-flash-lite-preview
../dataset/test/images/wildfire_test_00125.jpg,wildfire,wildfire_test_00125,wildfire,wc,gemini-3.1-flash-lite-preview
../dataset/test/images/wildfire_test_00008.jpg,wildfire,wildfire_test_00008,wildfire,wc,gemini-3.1-flash-lite-preview
../dataset/test/images/fog_test_00081.jpg,fog,fog_test_00081,fog,wc,gemini-3.1-flash-lite-preview
../dataset/test/images/flooding_test_00392.jpg,flooding,flooding_test_00392,flooding,wc,gemini-3.1-flash-lite-preview
../dataset/test/images/fog_test_00028.jpg,fog,fog_test_00028,fog,wc,gemini-3.1-flash-lite-preview
../dataset/test/images/dust_test_00083.jpg,haze/sand/dust,dust_test_00083,fog,wc,gemini-3.1-flash-lite-preview
../dataset/test/images/snow_test_00317.jpg,snow,snow_test_00317,snow,wc,gemini-3.1-flash-lite-preview
../dataset/test/images/tornado_test_00077.jpg,tornado,tornado_test_00077,tornado,wc,gemini-3.1-flash-lite-preview
../dataset/test/images/flooding_test_00240.jpg,flooding,flooding_test_00240,flooding,wc,gemini-3.1-flash-lite-preview
../dataset/test/images/heavy_rain_test_00098.jpg,rain,heavy_rain_test_00098,rain,wc,gemini-3.1-flash-lite-preview
../dataset/test/images/snow_test_00117.jpg,snow,snow_test_00117,snow,wc,gemini-3.1-flash-lite-preview
../dataset/test/images/flooding_test_00277.jpg,flooding,flooding_test_00277,flooding,wc,gemini-3.1-flash-lite-preview
../dataset/test/images/tornado_test_00032.jpg,tornado,tornado_test_00032,tornado,wc,gemini-3.1-flash-lite-preview
../dataset/test/images/flooding_test_00462.jpg,flooding,flooding_test_00462,flooding,wc,gemini-3.1-flash-lite-preview
../dataset/test/images/wildfire_test_00232.jpg,wildfire,wildfire_test_00232,fog,wc,gemini-3.1-flash-lite-preview
../dataset/test/images/flooding_test_00576.jpg,flooding,flooding_test_00576,flooding,wc,gemini-3.1-flash-lite-preview
../dataset/test/images/dust_test_00145.jpg,haze/sand/dust,dust_test_00145,rain,wc,gemini-3.1-flash-lite-preview
../dataset/test/images/tornado_test_00112.jpg,tornado,tornado_test_00112,tornado,wc,gemini-3.1-flash-lite-preview
../dataset/test/images/tornado_test_00129.jpg,tornado,tornado_test_00129,tornado,wc,gemini-3.1-flash-lite-preview
../dataset/test/images/fog_test_00016.jpg,fog,fog_test_00016,fog,wc,gemini-3.1-flash-lite-preview
../dataset/test/images/snow_test_00263.jpg,snow,snow_test_00263,snow,wc,gemini-3.1-flash-lite-preview
../dataset/test/images/snow_test_00046.jpg,snow,snow_test_00046,snow,wc,gemini-3.1-flash-lite-preview
../dataset/test/images/fog_test_00054.jpg,fog,fog_test_00054,fog,wc,gemini-3.1-flash-lite-preview
../dataset/test/images/tornado_test_00069.jpg,tornado,tornado_test_00069,tornado,wc,gemini-3.1-flash-lite-preview
../dataset/test/images/heavy_rain_test_00173.jpg,rain,heavy_rain_test_00173,rain,wc,gemini-3.1-flash-lite-preview
../dataset/test/images/wildfire_test_00210.jpg,wildfire,wildfire_test_00210,wildfire,wc,gemini-3.1-flash-lite-preview
../dataset/test/images/dust_test_00007.jpg,haze/sand/dust,dust_test_00007,haze/sand/dust,wc,gemini-3.1-flash-lite-preview
../dataset/test/images/dust_test_00062.jpg,haze/sand/dust,dust_test_00062,fog,wc,gemini-3.1-flash-lite-preview
../dataset/test/images/dust_test_00012.jpg,haze/sand/dust,dust_test_00012,rain,wc,gemini-3.1-flash-lite-preview
../dataset/test/images/wildfire_test_00165.jpg,wildfire,wildfire_test_00165,wildfire,wc,gemini-3.1-flash-lite-preview
../dataset/test/images/heavy_rain_test_00225.jpg,rain,heavy_rain_test_00225,rain,wc,gemini-3.1-flash-lite-preview
../dataset/test/images/fog_test_00062.jpg,fog,fog_test_00062,fog,wc,gemini-3.1-flash-lite-preview
../dataset/test/images/tornado_test_00051.jpg,tornado,tornado_test_00051,tornado,wc,gemini-3.1-flash-lite-preview
../dataset/test/images/dust_test_00126.jpg,haze/sand/dust,dust_test_00126,haze/sand/dust,wc,gemini-3.1-flash-lite-preview
../dataset/test/images/wildfire_test_00043.jpg,wildfire,wildfire_test_00043,wildfire,wc,gemini-3.1-flash-lite-preview
../dataset/test/images/fog_test_00021.jpg,fog,fog_test_00021,fog,wc,gemini-3.1-flash-lite-preview
../dataset/test/images/fog_test_00061.jpg,fog,fog_test_00061,fog,wc,gemini-3.1-flash-lite-preview
../dataset/test/images/tornado_test_00048.jpg,tornado,tornado_test_00048,tornado,wc,gemini-3.1-flash-lite-preview
../dataset/test/images/fog_test_00034.jpg,fog,fog_test_00034,fog,wc,gemini-3.1-flash-lite-preview
../dataset/test/images/snow_test_00011.jpg,snow,snow_test_00011,snow,wc,gemini-3.1-flash-lite-preview
../dataset/test/images/dust_test_00082.jpg,haze/sand/dust,dust_test_00082,fog,wc,gemini-3.1-flash-lite-preview
../dataset/test/images/wildfire_test_00283.jpg,wildfire,wildfire_test_00283,none,wc,gemini-3.1-flash-lite-preview
../dataset/test/images/fog_test_00053.jpg,fog,fog_test_00053,fog,wc,gemini-3.1-flash-lite-preview
../dataset/test/images/flooding_test_00544.jpg,flooding,flooding_test_00544,flooding,wc,gemini-3.1-flash-lite-preview
../dataset/test/images/fog_test_00036.jpg,fog,fog_test_00036,rain,wc,gemini-3.1-flash-lite-preview
../dataset/test/images/snow_test_00277.jpg,snow,snow_test_00277,snow,wc,gemini-3.1-flash-lite-preview
../dataset/test/images/fog_test_00005.jpg,fog,fog_test_00005,fog,wc,gemini-3.1-flash-lite-preview
../dataset/test/images/heavy_rain_test_00041.jpg,rain,heavy_rain_test_00041,rain,wc,gemini-3.1-flash-lite-preview
../dataset/test/images/dust_test_00113.jpg,haze/sand/dust,dust_test_00113,fog,wc,gemini-3.1-flash-lite-preview
../dataset/test/images/fog_test_00076.jpg,fog,fog_test_00076,fog,wc,gemini-3.1-flash-lite-preview
../dataset/test/images/tornado_test_00143.jpg,tornado,tornado_test_00143,tornado,wc,gemini-3.1-flash-lite-preview
../dataset/test/images/heavy_rain_test_00150.jpg,rain,heavy_rain_test_00150,rain,wc,gemini-3.1-flash-lite-preview
../dataset/test/images/wildfire_test_00225.jpg,wildfire,wildfire_test_00225,wildfire,wc,gemini-3.1-flash-lite-preview
../dataset/test/images/snow_test_00167.jpg,snow,snow_test_00167,snow,wc,gemini-3.1-flash-lite-preview
../dataset/test/images/heavy_rain_test_00166.jpg,rain,heavy_rain_test_00166,rain,wc,gemini-3.1-flash-lite-preview
../dataset/test/images/tornado_test_00016.jpg,tornado,tornado_test_00016,tornado,wc,gemini-3.1-flash-lite-preview
../dataset/test/images/snow_test_00199.jpg,snow,snow_test_00199,snow,wc,gemini-3.1-flash-lite-preview
../dataset/test/images/fog_test_00064.jpg,fog,fog_test_00064,rain,wc,gemini-3.1-flash-lite-preview
../dataset/test/images/heavy_rain_test_00192.jpg,rain,heavy_rain_test_00192,rain,wc,gemini-3.1-flash-lite-preview
../dataset/test/images/flooding_test_00439.jpg,flooding,flooding_test_00439,flooding,wc,gemini-3.1-flash-lite-preview
../dataset/test/images/tornado_test_00116.jpg,tornado,tornado_test_00116,tornado,wc,gemini-3.1-flash-lite-preview
../dataset/test/images/snow_test_00107.jpg,snow,snow_test_00107,snow,wc,gemini-3.1-flash-lite-preview
../dataset/test/images/wildfire_test_00131.jpg,wildfire,wildfire_test_00131,wildfire,wc,gemini-3.1-flash-lite-preview
../dataset/test/images/snow_test_00174.jpg,snow,snow_test_00174,snow,wc,gemini-3.1-flash-lite-preview
../dataset/test/images/dust_test_00036.jpg,haze/sand/dust,dust_test_00036,haze/sand/dust,wc,gemini-3.1-flash-lite-preview
../dataset/test/images/wildfire_test_00182.jpg,wildfire,wildfire_test_00182,wildfire,wc,gemini-3.1-flash-lite-preview
../dataset/test/images/heavy_rain_test_00086.jpg,rain,heavy_rain_test_00086,rain,wc,gemini-3.1-flash-lite-preview
../dataset/test/images/tornado_test_00028.jpg,tornado,tornado_test_00028,tornado,wc,gemini-3.1-flash-lite-preview
../dataset/test/images/snow_test_00113.jpg,snow,snow_test_00113,snow,wc,gemini-3.1-flash-lite-preview
../dataset/test/images/heavy_rain_test_00105.jpg,rain,heavy_rain_test_00105,fog,wc,gemini-3.1-flash-lite-preview
../dataset/test/images/tornado_test_00009.jpg,tornado,tornado_test_00009,tornado,wc,gemini-3.1-flash-lite-preview
../dataset/test/images/tornado_test_00117.jpg,tornado,tornado_test_00117,tornado,wc,gemini-3.1-flash-lite-preview
../dataset/test/images/dust_test_00018.jpg,haze/sand/dust,dust_test_00018,haze/sand/dust,wc,gemini-3.1-flash-lite-preview
../dataset/test/images/heavy_rain_test_00125.jpg,rain,heavy_rain_test_00125,rain,wc,gemini-3.1-flash-lite-preview
../dataset/test/images/wildfire_test_00074.jpg,wildfire,wildfire_test_00074,wildfire,wc,gemini-3.1-flash-lite-preview
../dataset/test/images/tornado_test_00043.jpg,tornado,tornado_test_00043,tornado,wc,gemini-3.1-flash-lite-preview
../dataset/test/images/snow_test_00010.jpg,snow,snow_test_00010,snow,wc,gemini-3.1-flash-lite-preview
../dataset/test/images/dust_test_00076.jpg,haze/sand/dust,dust_test_00076,fog,wc,gemini-3.1-flash-lite-preview
../dataset/test/images/fog_test_00094.jpg,fog,fog_test_00094,rain,wc,gemini-3.1-flash-lite-preview
../dataset/test/images/dust_test_00117.jpg,haze/sand/dust,dust_test_00117,fog,wc,gemini-3.1-flash-lite-preview
../dataset/test/images/snow_test_00211.jpg,snow,snow_test_00211,snow,wc,gemini-3.1-flash-lite-preview
../dataset/test/images/wildfire_test_00177.jpg,wildfire,wildfire_test_00177,wildfire,wc,gemini-3.1-flash-lite-preview
../dataset/test/images/wildfire_test_00028.jpg,wildfire,wildfire_test_00028,wildfire,wc,gemini-3.1-flash-lite-preview
../dataset/test/images/fog_test_00037.jpg,fog,fog_test_00037,rain,wc,gemini-3.1-flash-lite-preview
../dataset/test/images/heavy_rain_test_00116.jpg,rain,heavy_rain_test_00116,rain,wc,gemini-3.1-flash-lite-preview
../dataset/test/images/fog_test_00041.jpg,fog,fog_test_00041,fog,wc,gemini-3.1-flash-lite-preview
../dataset/test/images/flooding_test_00147.jpg,flooding,flooding_test_00147,flooding,wc,gemini-3.1-flash-lite-preview
../dataset/test/images/snow_test_00280.jpg,snow,snow_test_00280,snow,wc,gemini-3.1-flash-lite-preview
../dataset/test/images/heavy_rain_test_00010.jpg,rain,heavy_rain_test_00010,rain,wc,gemini-3.1-flash-lite-preview
../dataset/test/images/snow_test_00115.jpg,snow,snow_test_00115,snow,wc,gemini-3.1-flash-lite-preview
../dataset/test/images/snow_test_00340.jpg,snow,snow_test_00340,rain,wc,gemini-3.1-flash-lite-preview
../dataset/test/images/flooding_test_00088.jpg,flooding,flooding_test_00088,flooding,wc,gemini-3.1-flash-lite-preview
../dataset/test/images/snow_test_00206.jpg,snow,snow_test_00206,snow,wc,gemini-3.1-flash-lite-preview
../dataset/test/images/heavy_rain_test_00181.jpg,rain,heavy_rain_test_00181,rain,wc,gemini-3.1-flash-lite-preview
../dataset/test/images/dust_test_00114.jpg,haze/sand/dust,dust_test_00114,fog,wc,gemini-3.1-flash-lite-preview
../dataset/test/images/dust_test_00110.jpg,haze/sand/dust,dust_test_00110,fog,wc,gemini-3.1-flash-lite-preview
../dataset/test/images/flooding_test_00452.jpg,flooding,flooding_test_00452,flooding,wc,gemini-3.1-flash-lite-preview
../dataset/test/images/flooding_test_00376.jpg,flooding,flooding_test_00376,flooding,wc,gemini-3.1-flash-lite-preview
../dataset/test/images/tornado_test_00046.jpg,tornado,tornado_test_00046,rain,wc,gemini-3.1-flash-lite-preview
../dataset/test/images/heavy_rain_test_00040.jpg,rain,heavy_rain_test_00040,rain,wc,gemini-3.1-flash-lite-preview
../dataset/test/images/flooding_test_00829.jpg,flooding,flooding_test_00829,rain,wc,gemini-3.1-flash-lite-preview
../dataset/test/images/tornado_test_00083.jpg,tornado,tornado_test_00083,haze/sand/dust,wc,gemini-3.1-flash-lite-preview
../dataset/test/images/tornado_test_00141.jpg,tornado,tornado_test_00141,flooding,wc,gemini-3.1-flash-lite-preview
../dataset/test/images/dust_test_00080.jpg,haze/sand/dust,dust_test_00080,fog,wc,gemini-3.1-flash-lite-preview
../dataset/test/images/snow_test_00177.jpg,snow,snow_test_00177,snow,wc,gemini-3.1-flash-lite-preview
../dataset/test/images/heavy_rain_test_00202.jpg,rain,heavy_rain_test_00202,rain,wc,gemini-3.1-flash-lite-preview
../dataset/test/images/heavy_rain_test_00032.jpg,rain,heavy_rain_test_00032,rain,wc,gemini-3.1-flash-lite-preview
../dataset/test/images/fog_test_00096.jpg,fog,fog_test_00096,fog,wc,gemini-3.1-flash-lite-preview
../dataset/test/images/wildfire_test_00006.jpg,wildfire,wildfire_test_00006,wildfire,wc,gemini-3.1-flash-lite-preview
../dataset/test/images/fog_test_00023.jpg,fog,fog_test_00023,fog,wc,gemini-3.1-flash-lite-preview
../dataset/test/images/dust_test_00010.jpg,haze/sand/dust,dust_test_00010,haze/sand/dust,wc,gemini-3.1-flash-lite-preview
../dataset/test/images/tornado_test_00017.jpg,tornado,tornado_test_00017,rain,wc,gemini-3.1-flash-lite-preview
../dataset/test/images/dust_test_00143.jpg,haze/sand/dust,dust_test_00143,snow,wc,gemini-3.1-flash-lite-preview
../dataset/test/images/dust_test_00089.jpg,haze/sand/dust,dust_test_00089,fog,wc,gemini-3.1-flash-lite-preview
../dataset/test/images/fog_test_00080.jpg,fog,fog_test_00080,fog,wc,gemini-3.1-flash-lite-preview
../dataset/test/images/fog_test_00100.jpg,fog,fog_test_00100,rain,wc,gemini-3.1-flash-lite-preview
../dataset/test/images/flooding_test_00298.jpg,flooding,flooding_test_00298,flooding,wc,gemini-3.1-flash-lite-preview
../dataset/test/images/wildfire_test_00136.jpg,wildfire,wildfire_test_00136,wildfire,wc,gemini-3.1-flash-lite-preview
../dataset/test/images/snow_test_00073.jpg,snow,snow_test_00073,snow,wc,gemini-3.1-flash-lite-preview
../dataset/test/images/fog_test_00058.jpg,fog,fog_test_00058,fog,wc,gemini-3.1-flash-lite-preview
../dataset/test/images/flooding_test_00677.jpg,flooding,flooding_test_00677,rain,wc,gemini-3.1-flash-lite-preview
../dataset/test/images/snow_test_00203.jpg,snow,snow_test_00203,snow,wc,gemini-3.1-flash-lite-preview
../dataset/test/images/wildfire_test_00087.jpg,wildfire,wildfire_test_00087,wildfire,wc,gemini-3.1-flash-lite-preview
../dataset/test/images/tornado_test_00061.jpg,tornado,tornado_test_00061,tornado,wc,gemini-3.1-flash-lite-preview
../dataset/test/images/wildfire_test_00126.jpg,wildfire,wildfire_test_00126,wildfire,wc,gemini-3.1-flash-lite-preview
../dataset/test/images/heavy_rain_test_00169.jpg,rain,heavy_rain_test_00169,rain,wc,gemini-3.1-flash-lite-preview
../dataset/test/images/wildfire_test_00148.jpg,wildfire,wildfire_test_00148,wildfire,wc,gemini-3.1-flash-lite-preview
../dataset/test/images/fog_test_00082.jpg,fog,fog_test_00082,rain,wc,gemini-3.1-flash-lite-preview
../dataset/test/images/heavy_rain_test_00100.jpg,rain,heavy_rain_test_00100,fog,wc,gemini-3.1-flash-lite-preview
../dataset/test/images/heavy_rain_test_00120.jpg,rain,heavy_rain_test_00120,haze/sand/dust,wc,gemini-3.1-flash-lite-preview
../dataset/test/images/dust_test_00142.jpg,haze/sand/dust,dust_test_00142,fog,wc,gemini-3.1-flash-lite-preview
../dataset/test/images/dust_test_00121.jpg,haze/sand/dust,dust_test_00121,haze/sand/dust,wc,gemini-3.1-flash-lite-preview
../dataset/test/images/wildfire_test_00287.jpg,wildfire,wildfire_test_00287,none,wc,gemini-3.1-flash-lite-preview
../dataset/test/images/flooding_test_00899.jpg,flooding,flooding_test_00899,rain,wc,gemini-3.1-flash-lite-preview
../dataset/test/images/fog_test_00098.jpg,fog,fog_test_00098,fog,wc,gemini-3.1-flash-lite-preview
../dataset/test/images/heavy_rain_test_00027.jpg,rain,heavy_rain_test_00027,fog,wc,gemini-3.1-flash-lite-preview
../dataset/test/images/tornado_test_00034.jpg,tornado,tornado_test_00034,rain,wc,gemini-3.1-flash-lite-preview
../dataset/test/images/wildfire_test_00018.jpg,wildfire,wildfire_test_00018,wildfire,wc,gemini-3.1-flash-lite-preview
../dataset/test/images/heavy_rain_test_00072.jpg,rain,heavy_rain_test_00072,rain,wc,gemini-3.1-flash-lite-preview
../dataset/test/images/heavy_rain_test_00091.jpg,rain,heavy_rain_test_00091,rain,wc,gemini-3.1-flash-lite-preview
../dataset/test/images/tornado_test_00007.jpg,tornado,tornado_test_00007,tornado,wc,gemini-3.1-flash-lite-preview
../dataset/test/images/tornado_test_00128.jpg,tornado,tornado_test_00128,tornado,wc,gemini-3.1-flash-lite-preview
../dataset/test/images/dust_test_00057.jpg,haze/sand/dust,dust_test_00057,fog,wc,gemini-3.1-flash-lite-preview
../dataset/test/images/dust_test_00035.jpg,haze/sand/dust,dust_test_00035,haze/sand/dust,wc,gemini-3.1-flash-lite-preview
../dataset/test/images/tornado_test_00144.jpg,tornado,tornado_test_00144,tornado,wc,gemini-3.1-flash-lite-preview
../dataset/test/images/wildfire_test_00173.jpg,wildfire,wildfire_test_00173,wildfire,wc,gemini-3.1-flash-lite-preview
../dataset/test/images/tornado_test_00082.jpg,tornado,tornado_test_00082,haze/sand/dust,wc,gemini-3.1-flash-lite-preview
../dataset/test/images/snow_test_00314.jpg,snow,snow_test_00314,snow,wc,gemini-3.1-flash-lite-preview
../dataset/test/images/heavy_rain_test_00077.jpg,rain,heavy_rain_test_00077,rain,wc,gemini-3.1-flash-lite-preview
../dataset/test/images/wildfire_test_00081.jpg,wildfire,wildfire_test_00081,wildfire,wc,gemini-3.1-flash-lite-preview
../dataset/test/images/wildfire_test_00127.jpg,wildfire,wildfire_test_00127,wildfire,wc,gemini-3.1-flash-lite-preview
../dataset/test/images/wildfire_test_00290.jpg,wildfire,wildfire_test_00290,wildfire,wc,gemini-3.1-flash-lite-preview
../dataset/test/images/flooding_test_00256.jpg,flooding,flooding_test_00256,flooding,wc,gemini-3.1-flash-lite-preview
../dataset/test/images/tornado_test_00052.jpg,tornado,tornado_test_00052,tornado,wc,gemini-3.1-flash-lite-preview
../dataset/test/images/tornado_test_00136.jpg,tornado,tornado_test_00136,flooding,wc,gemini-3.1-flash-lite-preview
../dataset/test/images/flooding_test_00476.jpg,flooding,flooding_test_00476,flooding,wc,gemini-3.1-flash-lite-preview
../dataset/test/images/heavy_rain_test_00028.jpg,rain,heavy_rain_test_00028,rain,wc,gemini-3.1-flash-lite-preview
../dataset/test/images/fog_test_00048.jpg,fog,fog_test_00048,fog,wc,gemini-3.1-flash-lite-preview
../dataset/test/images/flooding_test_00586.jpg,flooding,flooding_test_00586,flooding,wc,gemini-3.1-flash-lite-preview
../dataset/test/images/heavy_rain_test_00256.jpg,rain,heavy_rain_test_00256,flooding,wc,gemini-3.1-flash-lite-preview
../dataset/test/images/heavy_rain_test_00200.jpg,rain,heavy_rain_test_00200,rain,wc,gemini-3.1-flash-lite-preview
../dataset/test/images/dust_test_00087.jpg,haze/sand/dust,dust_test_00087,rain,wc,gemini-3.1-flash-lite-preview
../dataset/test/images/fog_test_00008.jpg,fog,fog_test_00008,fog,wc,gemini-3.1-flash-lite-preview
../dataset/test/images/tornado_test_00148.jpg,tornado,tornado_test_00148,tornado,wc,gemini-3.1-flash-lite-preview
../dataset/test/images/flooding_test_00355.jpg,flooding,flooding_test_00355,flooding,wc,gemini-3.1-flash-lite-preview
../dataset/test/images/flooding_test_00531.jpg,flooding,flooding_test_00531,flooding,wc,gemini-3.1-flash-lite-preview
../dataset/test/images/snow_test_00232.jpg,snow,snow_test_00232,snow,wc,gemini-3.1-flash-lite-preview
../dataset/test/images/snow_test_00300.jpg,snow,snow_test_00300,snow,wc,gemini-3.1-flash-lite-preview
../dataset/test/images/fog_test_00001.jpg,fog,fog_test_00001,fog,wc,gemini-3.1-flash-lite-preview
../dataset/test/images/snow_test_00079.jpg,snow,snow_test_00079,snow,wc,gemini-3.1-flash-lite-preview
../dataset/test/images/heavy_rain_test_00228.jpg,rain,heavy_rain_test_00228,rain,wc,gemini-3.1-flash-lite-preview
../dataset/test/images/flooding_test_00162.jpg,flooding,flooding_test_00162,flooding,wc,gemini-3.1-flash-lite-preview
../dataset/test/images/dust_test_00128.jpg,haze/sand/dust,dust_test_00128,fog,wc,gemini-3.1-flash-lite-preview
../dataset/test/images/wildfire_test_00252.jpg,wildfire,wildfire_test_00252,wildfire,wc,gemini-3.1-flash-lite-preview
../dataset/test/images/flooding_test_00145.jpg,flooding,flooding_test_00145,flooding,wc,gemini-3.1-flash-lite-preview
../dataset/test/images/flooding_test_00027.jpg,flooding,flooding_test_00027,flooding,wc,gemini-3.1-flash-lite-preview
../dataset/test/images/flooding_test_00179.jpg,flooding,flooding_test_00179,flooding,wc,gemini-3.1-flash-lite-preview
